Country_New,Country Code
Afghanistan,AFG
Albania,ALB
Algeria,DZA
American Samoa,ASM
Andorra,AND
Angola,AGO
Antigua and Barbuda,ATG
Arab World,ARB
Argentina,ARG
Armenia,ARM
Aruba,ABW
Australia,AUS
Austria,AUT
Azerbaijan,AZE
"Bahamas, The",BHS
Bahrain,BHR
Bangladesh,BGD
Barbados,BRB
Belarus,BLR
Belgium,BEL
Belize,BLZ
Benin,BEN
Bermuda,BMU
Bhutan,BTN
Bolivia,BOL
Bosnia and Herzegovina,BIH
Botswana,BWA
Brazil,BRA
British Virgin Islands,VGB
Brunei Darussalam,BRN
Bulgaria,BGR
Burkina Faso,BFA
Burundi,BDI
Cabo Verde,CPV
Cambodia,KHM
Cameroon,CMR
Canada,CAN
Cayman Islands,CYM
Central African Republic,CAF
Chad,TCD
Channel Islands,CHI
Chile,CHL
China,CHN
Colombia,COL
Comoros,COM
Congo,COD
Congo,COG
Costa Rica,CRI
Croatia,HRV
Cuba,CUB
Curacao,CUW
Cyprus,CYP
Czech,CZE
Denmark,DNK
Djibouti,DJI
Dominica,DMA
Dominican Republic,DOM
East Asia & Pacific,EAS
East Asia & Pacific (excluding high income),EAP
Ecuador,ECU
Egypt,EGY
El Salvador,SLV
Equatorial Guinea,GNQ
Eritrea,ERI
Estonia,EST
Ethiopia,ETH
Euro area,EMU
Europe & Central Asia,ECS
Europe & Central Asia (excluding high income),ECA
European Union,EUU
Faroe Islands,FRO
Fiji,FJI
Finland,FIN
France,FRA
French Polynesia,PYF
Gabon,GAB
Gambia,GMB
Georgia,GEO
Germany,DEU
Ghana,GHA
Gibraltar,GIB
Greece,GRC
Greenland,GRL
Grenada,GRD
Guam,GUM
Guatemala,GTM
Guinea,GIN
Guinea-Bissau,GNB
Guyana,GUY
Haiti,HTI
Heavily indebted poor countries (HIPC),HPC
High income,HIC
Honduras,HND
"Hong Kong SAR, China",HKG
Hungary,HUN
Iceland,ISL
India,IND
Indonesia,IDN
Iran,IRN
Iraq,IRQ
Ireland,IRL
Isle of Man,IMN
Israel,ISR
Italy,ITA
Ivoire,CIV
Jamaica,JAM
Japan,JPN
Jordan,JOR
Kazakhstan,KAZ
Kenya,KEN
Kiribati,KIR
"Korea, Dem. Peopleâ€™s Rep.",PRK
"Korea, Rep.",KOR
Kosovo,XKX
Kuwait,KWT
Kyrgyz,KGZ
Lao,LAO
Latin America & Caribbean,LCN
Latin America & Caribbean (excluding high income),LAC
Latvia,LVA
Least developed countries: UN classification,LDC
Lebanon,LBN
Lesotho,LSO
Liberia,LBR
Libya,LBY
Liechtenstein,LIE
Lithuania,LTU
Low & middle income,LMY
Low income,LIC
Lower middle income,LMC
Luxembourg,LUX
"Macao SAR, China",MAC
"Macedonia, FYR",MKD
Madagascar,MDG
Malawi,MWI
Malaysia,MYS
Maldives,MDV
Mali,MLI
Malta,MLT
Marshall Islands,MHL
Mauritania,MRT
Mauritius,MUS
Mexico,MEX
Micronesia,FSM
Middle East & North Africa,MEA
Middle East & North Africa (excluding high income),MNA
Middle income,MIC
Moldova,MDA
Monaco,MCO
Mongolia,MNG
Montenegro,MNE
Morocco,MAR
Mozambique,MOZ
Myanmar,MMR
Namibia,NAM
Nauru,NRU
Nepal,NPL
Netherlands,NLD
New Caledonia,NCL
New Zealand,NZL
Nicaragua,NIC
Niger,NER
Nigeria,NGA
North America,NAC
Northern Mariana Islands,MNP
Norway,NOR
OECD members,OED
Oman,OMN
Pakistan,PAK
Palau,PLW
Panama,PAN
Papua New Guinea,PNG
Paraguay,PRY
Peru,PER
Philippines,PHL
Poland,POL
Portugal,PRT
Puerto Rico,PRI
Qatar,QAT
Romania,ROU
Russian Federation,RUS
Rwanda,RWA
Samoa,WSM
San Marino,SMR
Sao Tome and Principe,STP
Saudi Arabia,SAU
Senegal,SEN
Serbia,SRB
Seychelles,SYC
Sierra Leone,SLE
Singapore,SGP
Sint Maarten (Dutch part),SXM
Slov,SVK
Slov,SVN
Solomon Islands,SLB
Somalia,SOM
South Africa,ZAF
South Asia,SAS
South Sudan,SSD
Spain,ESP
Sri Lanka,LKA
St. Kitts and Nevis,KNA
St. Lucia,LCA
St. Martin (French part),MAF
St. Vincent and the Grenadines,VCT
Sub-Saharan Africa,SSF
Sub-Saharan Africa (excluding high income),SSA
Sudan,SDN
Suriname,SUR
Swaziland,SWZ
Sweden,SWE
Switzerland,CHE
Syrian Arab Republic,SYR
Tajikistan,TJK
Tanzania,TZA
Thailand,THA
Timor-Leste,TLS
Togo,TGO
Tonga,TON
Trinidad and Tobago,TTO
Tunisia,TUN
Turkey,TUR
Turkmenistan,TKM
Turks and Caicos Islands,TCA
Tuvalu,TUV
Uganda,UGA
Ukraine,UKR
United Arab Emirates,ARE
United Kingdom,GBR
United States,USA
Upper middle income,UMC
Uruguay,URY
Uzbekistan,UZB
Vanuatu,VUT
Venezuela,VEN
Viet,VNM
Virgin Islands (U.S.),VIR
West Bank and Gaza,PSE
World,WLD
Yemen,YEM
Zambia,ZMB
Zimbabwe,ZWE
